{"cameraMode":{"drawMode":0,"name":"Shaded","section":"Shading Mode"},"sceneLighting":true,"audioPlay":false,"sceneViewState":{"showFog":true,"showMaterialUpdate":false,"showSkybox":true,"showFlares":true,"showImageEffects":true,"showParticleSystems":true},"in2DMode":false,"pivot":{"x":646.3955078125,"y":18.572364807128908,"z":830.3955078125},"rotation":{"x":0.1635207086801529,"y":-0.052815992385149,"z":0.008765986189246178,"w":0.9850999712944031},"size":185.0265350341797,"orthographic":true}